first_name,last_name,email_type,unique_num,email
Emma,Miller,GMAIL,54541,emma.miller@GMAIL
Ruby,Harris,YAHOO ,54542,harris_ruby@YAHOO 
Percival,Stormwind,myorg,54543,stormper54543@myorg
Thaddeus,Blackwood,gmaiL ,54544,thaddeus.blackwood@gmaiL 
Rosalind,Moretti,GMAIL ,54545,rosalind.moretti@GMAIL 
Marcella,Taylor,GmAIl ,54546,marcella.taylor@GmAIl 
Silas,Thompson,GmaIl,54547,silas.thompson@GmaIl
Percival,Montgomery,yahoo,54548,montgomery_percival@yahoo
Henry,Bennett,MYORG,54549,bennehen54549@MYORG
Ronan,Kingsford,MYORG,54550,kingsron54550@MYORG
Evander,Moretti,gmail,54551,evander.moretti@gmail
Nathan,Crawford,YAHOO,54552,crawford_nathan@YAHOO
Madison,Winston,MYORG,54553,winstmad54553@MYORG
Callum,Winston,gmail,54554,callum.winston@gmail
Nathan,OMalley,GmAIL,54555,nathan.omalley@GmAIL
Miles,Fitzroy,GmaIL,54556,miles.fitzroy@GmaIL
Octavius,Somerfield,GMAIL ,54557,octavius.somerfield@GMAIL 
Alexander,Johnson,gMail ,54558,alexander.johnson@gMail 
Elijah,Langford,gmail,54559,elijah.langford@gmail
Isaiah,Aldridge,gmail,54560,isaiah.aldridge@gmail
Ophelia,Bramwell,MyoRg,54561,bramwoph54561@MyoRg
Damien,Garcia,gmail,54562,damien.garcia@gmail
Reginald,Davis,GMAIL,54563,reginald.davis@GMAIL
Lysander,Thompson,gmail,54564,lysander.thompson@gmail
Caroline,Marwood,gmaIl,54565,caroline.marwood@gmaIl
Aria,Armstrong,myorg,54566,armstari54566@myorg
Atticus,Brightshield,GMAIL,54567,atticus.brightshield@GMAIL
Maximus,Ramirez,gmail,54568,maximus.ramirez@gmail
Alistair,Hernandez,gmail,54569,alistair.hernandez@gmail
Maximus,Kavanagh,GMAIL,54570,maximus.kavanagh@GMAIL
Julian,Fitzroy,MYORG,54571,fitzrjul54571@MYORG
Lucy,Haverhill,gmail,54572,lucy.haverhill@gmail
Valentina,Somerfield,gmail,54573,valentina.somerfield@gmail
Jack,Dumont,yahoo,54574,dumont_jack@yahoo
Sophia,Fontaine,yahoo,54575,fontaine_sophia@yahoo
Asher,Thornfield,myorg ,54576,thornash54576@myorg 
Aiden,Rodriguez,GMAIL,54577,aiden.rodriguez@GMAIL
Soren,Ashford,GMAIL,54578,soren.ashford@GMAIL
Emily,Montgomery,myorg,54579,montgemi54579@myorg
Noah,Marwood,GMAIL ,54580,noah.marwood@GMAIL 
Julian,Davis,GMAIL,54581,julian.davis@GMAIL
Nora,Aldridge,gmail,54582,nora.aldridge@gmail
Owen,Thompson,gmail,54583,owen.thompson@gmail
Evelyn,Hoffmann,yAHOo,54584,hoffmann_evelyn@yAHOo
Cyrus,Chambers,GMAIL ,54585,cyrus.chambers@GMAIL 
Alexander,Kingsley,myorg ,54586,kingsale54586@myorg 
Madison,Loxley,gmail,54587,madison.loxley@gmail
Damien,Silverwind,GMAIL,54588,damien.silverwind@GMAIL
Gideon,Bellerose,gMaiL,54589,gideon.bellerose@gMaiL
Isabella,Gonzalez,gmAiL,54590,isabella.gonzalez@gmAiL
Rosalind,Loxley,yahoo,54591,loxley_rosalind@yahoo
Soren,Wolfhart,MYORG ,54592,wolfhsor54592@MYORG 
Audrey,Williams,yAhOo,54593,williams_audrey@yAhOo
Henry,Lopez,YAHOO,54594,lopez_henry@YAHOO
Elena,Bennett,gmail,54595,elena.bennett@gmail
Hannah,Nightwell,yahoo,54596,nightwell_hannah@yahoo
Seraphina,Ashdown,GMAIL,54597,seraphina.ashdown@GMAIL
Grace,Thomas,GMAIL,54598,grace.thomas@GMAIL
Damien,Moore,gmail,54599,damien.moore@gmail
Emily,Davis,gmail,54600,emily.davis@gmail
Evangeline,Thompson,GMaIL,54601,evangeline.thompson@GMaIL
Wesley,Rodriguez,GmAIl,54602,wesley.rodriguez@GmAIl
Evelyn,Martinez,MYORG,54603,martieve54603@MYORG
Lysander,Hoffmann,GMAIL,54604,lysander.hoffmann@GMAIL
Emma,Holloway,gmail,54605,emma.holloway@gmail
Celestia,Everhart,GMAiL,54606,celestia.everhart@GMAiL
Elowen,Smith,gmail,54607,elowen.smith@gmail
Phoebe,Sawyer,MYORG,54608,sawyepho54608@MYORG
Cyrus,Lee,GMAIL,54609,cyrus.lee@GMAIL
Soren,Kovacs,yahOo,54610,kovacs_soren@yahOo
Ryan,Dumont,MYORG,54611,dumonrya54611@MYORG
Noah,Starcrest,GmaiL,54612,noah.starcrest@GmaiL
Lucy,OMalley,GMAIL,54613,lucy.omalley@GMAIL
Elijah,Barlow,Myorg,54614,barloeli54614@Myorg
Daniel,Harrington,myorg ,54615,harridan54615@myorg 
Sebastian,Harris,myorG,54616,harriseb54616@myorG
Audrey,Starcrest,MYORG,54617,starcaud54617@MYORG
Evelyn,Langford,gMAIl,54618,evelyn.langford@gMAIl
Asher,Harris,gmail,54619,asher.harris@gmail
Aurelia,Martinez,gmail ,54620,aurelia.martinez@gmail 
Evelyn,Blackwood,yahoo,54621,blackwood_evelyn@yahoo
Helena,Fitzroy,myorg,54622,fitzrhel54622@myorg
Damien,Loxley,gmAil,54623,damien.loxley@gmAil
Harper,Ashford,GMAIl,54624,harper.ashford@GMAIl
Harper,Fletcher,GmAIL,54625,harper.fletcher@GmAIL
Reginald,Lachance,gmail,54626,reginald.lachance@gmail
Theron,Davis,MYORG,54627,davisthe54627@MYORG
Helena,Kingsford,myorg,54628,kingshel54628@myorg
Percival,Martin,yahoo,54629,martin_percival@yahoo
Isabella,Hartswell,GmAIL,54630,isabella.hartswell@GmAIL
Evangeline,Smith,gmail,54631,evangeline.smith@gmail
Nora,Marwood,myorg,54632,marwonor54632@myorg
Magnus,Thomas,MYOrG ,54633,thomamag54633@MYOrG 
Maximus,Nightwell,gmail,54634,maximus.nightwell@gmail
Atticus,Carrington,MYORG,54635,carriatt54635@MYORG
Harper,Kensington,gmail,54636,harper.kensington@gmail
Jacob,Haverhill,GMAIL,54637,jacob.haverhill@GMAIL
Brielle,Pennington,GMAIL,54638,brielle.pennington@GMAIL
Mason,Wolfhart,GMAIL,54639,mason.wolfhart@GMAIL
Violet,Beauregard,gmAIL,54640,violet.beauregard@gmAIL
Ronan,Lopez,GMAIL ,54641,ronan.lopez@GMAIL 
Rowena,Kovacs,MYORG,54642,kovacrow54642@MYORG
Thaddeus,Dalton,GMAIL,54643,thaddeus.dalton@GMAIL
Wesley,Frosthelm,gMAIL,54644,wesley.frosthelm@gMAIL
Chloe,Taylor,yAHoO ,54645,taylor_chloe@yAHoO 
Marcellus,Richards,GMAIL,54646,marcellus.richards@GMAIL
Elowen,Martinez,gmail,54647,elowen.martinez@gmail
Benjamin,Frosthelm,MyOrG,54648,frostben54648@MyOrG
Gideon,Fletcher,gmail ,54649,gideon.fletcher@gmail 
Arabella,Frosthelm,GMaiL ,54650,arabella.frosthelm@GMaiL 
Chloe,Aldridge,gmail,54651,chloe.aldridge@gmail
Harper,Winston,GMAIL,54652,harper.winston@GMAIL
Mia,Stormrider,YAHOO,54653,stormrider_mia@YAHOO
Asher,Brown,mYORG,54654,brownash54654@mYORG
Owen,Martinez,myorg,54655,martiowe54655@myorg
Maya,Kingsley,yahoo,54656,kingsley_maya@yahoo
Benedict,Lewis,MYORG,54657,lewisben54657@MYORG
Lucy,Hernandez,GMAIL,54658,lucy.hernandez@GMAIL
Miles,Ricci,YAHOo,54659,ricci_miles@YAHOo
Dorian,Wolfhart,GMAIL ,54660,dorian.wolfhart@GMAIL 
Elena,Fletcher,MyOrg,54661,fletcele54661@MyOrg
Ophelia,Thomas,YahOo,54662,thomas_ophelia@YahOo
Helena,Shadowbane,GMaiL ,54663,helena.shadowbane@GMaiL 
Josephine,Blackwood,gmail ,54664,josephine.blackwood@gmail 
Genevieve,Williams,gmail,54665,genevieve.williams@gmail
Ronan,Thornfield,GmAIl,54666,ronan.thornfield@GmAIl
Lucas,Bellerose,myorg,54667,belleluc54667@myorg
Aria,Jackson,YAHOO,54668,jackson_aria@YAHOO
Percival,Wellington,gmail,54669,percival.wellington@gmail
Caroline,Ironwood,GmAIl,54670,caroline.ironwood@GmAIl
Aria,Bellerose,gmail,54671,aria.bellerose@gmail
Emma,Wellington,gmAil,54672,emma.wellington@gmAil
Thomas,Hawkins,gmail,54673,thomas.hawkins@gmail
William,Aldridge,GMAIL,54674,william.aldridge@GMAIL
Celestia,Kovacs,yAhoO,54675,kovacs_celestia@yAhoO
Ella,Stormwind,GmaiL,54676,ella.stormwind@GmaiL
Miles,Ashford,GMAIL,54677,miles.ashford@GMAIL
Samuel,Fitzroy,MYORG ,54678,fitzrsam54678@MYORG 
Alistair,Somerfield,gmail ,54679,alistair.somerfield@gmail 
Isolde,Jackson,YAHoo ,54680,jackson_isolde@YAHoo 
William,Ravenscroft,yahOO,54681,ravenscroft_william@yahOO
Emily,Barrett,gmail,54682,emily.barrett@gmail
Genevieve,Wilson,gmail,54683,genevieve.wilson@gmail
Hannah,Harrington,GMAiL,54684,hannah.harrington@GMAiL
Thomas,Aldridge,gmail,54685,thomas.aldridge@gmail
Percival,Dumont,GMAil,54686,percival.dumont@GMAil
Ava,Schneider,myOrG,54687,schneava54687@myOrG
Amelia,Barrett,GMAIL,54688,amelia.barrett@GMAIL
Lily,Stormwind,GMAIL,54689,lily.stormwind@GMAIL
Alistair,Hawkins,gMAiL,54690,alistair.hawkins@gMAiL
Samuel,Davis,YAHOO,54691,davis_samuel@YAHOO
Valerius,Rodriguez,gmail ,54692,valerius.rodriguez@gmail 
Isolde,Carrington,gmail,54693,isolde.carrington@gmail
Noah,Ironwood,GMAil,54694,noah.ironwood@GMAil
Thaddeus,Barrett,yahoo,54695,barrett_thaddeus@yahoo
Marcellus,Wellington,GmAIl ,54696,marcellus.wellington@GmAIl 
Damien,White,myoRG,54697,whitedam54697@myoRG
Elena,Moore,myorg,54698,mooreele54698@myorg
Harper,Loxley,GMAIL,54699,harper.loxley@GMAIL
Octavia,Starcrest,myorG,54700,starcoct54700@myorG
Amelia,Marwood,gmail ,54701,amelia.marwood@gmail 
Grace,Taylor,myorG,54702,taylogra54702@myorG
Daniel,Wilson,myorg,54703,wilsodan54703@myorg
Julian,Fletcher,gmaiL ,54704,julian.fletcher@gmaiL 
Evelyn,Davis,GmAIl ,54705,evelyn.davis@GmAIl 
Maya,Fletcher,MYORG ,54706,fletcmay54706@MYORG 
Valerius,Pennington,gMail,54707,valerius.pennington@gMail
Lavinia,Stormwind,gmail,54708,lavinia.stormwind@gmail
Wesley,Martin,GMAIL,54709,wesley.martin@GMAIL
Benedict,Smith,GMAIL,54710,benedict.smith@GMAIL
Nathan,Hawkins,MYORG,54711,hawkinat54711@MYORG
Olivia,Holloway,GMAIL,54712,olivia.holloway@GMAIL
Maya,Hayes,GMAIL,54713,maya.hayes@GMAIL
James,Davis,GMAIL,54714,james.davis@GMAIL
Benjamin,Lachance,MYORG,54715,lachaben54715@MYORG
Aurelia,Fitzroy,gmail ,54716,aurelia.fitzroy@gmail 
Cyrus,Brightshield,MYORG,54717,brighcyr54717@MYORG
Lysander,Barlow,GMAIl,54718,lysander.barlow@GMAIl
Arabella,Barrett,yAhoo,54719,barrett_arabella@yAhoo
Benjamin,Clark,GMAIL ,54720,benjamin.clark@GMAIL 
Christian,Silverwind,gMAil,54721,christian.silverwind@gMAil
Atticus,Reynolds,GMaiL,54722,atticus.reynolds@GMaiL
Maya,Redmond,yahoo ,54723,redmond_maya@yahoo 
Alice,Beauregard,YAHOO,54724,beauregard_alice@YAHOO
Scarlett,Ludwick,GMAIL,54725,scarlett.ludwick@GMAIL
Oliver,Pennington,myORG,54726,pennioli54726@myORG
Wesley,Douglas,myorg,54727,douglwes54727@myorg
Lily,Frosthelm,gmail,54728,lily.frosthelm@gmail
Isolde,Lopez,GMAIL,54729,isolde.lopez@GMAIL
Dorian,Haverhill,gmAil,54730,dorian.haverhill@gmAil
Octavius,Brown,gmail,54731,octavius.brown@gmail
Reginald,Harris,yahoo,54732,harris_reginald@yahoo
Lucy,Stormwind,YAHOO,54733,stormwind_lucy@YAHOO
Elijah,Lopez,MYoRG,54734,lopezeli54734@MYoRG
Lily,Somerfield,GMAIL,54735,lily.somerfield@GMAIL
Violet,Bennett,GMAIL,54736,violet.bennett@GMAIL
Isolde,Ricci,MYORG,54737,ricciiso54737@MYORG
Amelia,Weiss,yahoo,54738,weiss_amelia@yahoo
Daniel,Sanchez,yahOo,54739,sanchez_daniel@yahOo
Theron,Lopez,MYORG ,54740,lopezthe54740@MYORG 
Aiden,Kensington,MYORG,54741,kensiaid54741@MYORG
Emily,Silverwind,Gmail,54742,emily.silverwind@Gmail
Hannah,Marwood,GMAIL,54743,hannah.marwood@GMAIL
Benedict,Hernandez,yahOO,54744,hernandez_benedict@yahOO
Ava,Sawyer,myorg,54745,sawyeava54745@myorg
Lily,Aldridge,GMAIL,54746,lily.aldridge@GMAIL
Maximus,Kingsford,GmaIl,54747,maximus.kingsford@GmaIl
Chloe,Weiss,myorg,54748,weisschl54748@myorg
Felicity,Haverhill,GmAIL,54749,felicity.haverhill@GmAIL
Evelyn,Bennett,GMAIL ,54750,evelyn.bennett@GMAIL 
Silas,Dalton,GMAIL,54751,silas.dalton@GMAIL
James,Dalton,MYORG,54752,daltojam54752@MYORG
Tobias,Blackwood,MyOrg,54753,blacktob54753@MyOrg
Lysander,Shadowbane,gmail,54754,lysander.shadowbane@gmail
Harper,Fontaine,mYorg ,54755,fontahar54755@mYorg 
Felicity,Lewis,GMAIL,54756,felicity.lewis@GMAIL
Thomas,Wellington,GMAIL,54757,thomas.wellington@GMAIL
Nathan,Martin,MYORG,54758,martinat54758@MYORG
Harper,Crawford,MYORG,54759,crawfhar54759@MYORG
Cyrus,Shadowbane,MyoRG ,54760,shadocyr54760@MyoRG 
Hannah,Wilson,myorG,54761,wilsohan54761@myorG
Alice,Richards,GMaiL,54762,alice.richards@GMaiL
Octavia,Wolfhart,gMAIL,54763,octavia.wolfhart@gMAIL
Lavinia,Taylor,GMAIL,54764,lavinia.taylor@GMAIL
Lavinia,Aldridge,gmAiL,54765,lavinia.aldridge@gmAiL
Nathan,Clark,GMAIL,54766,nathan.clark@GMAIL
Cassius,Johnson,yahoo,54767,johnson_cassius@yahoo
Aurelia,Dalton,GMAIL,54768,aurelia.dalton@GMAIL
Elijah,Winston,yahoo,54769,winston_elijah@yahoo
Arabella,Weiss,MYORG,54770,weissara54770@MYORG
Isabella,Ludwick,mYorG,54771,ludwiisa54771@mYorG
Valerius,Bennett,GMAIL,54772,valerius.bennett@GMAIL
Lysander,Dalton,GMAIL,54773,lysander.dalton@GMAIL
Madison,Montgomery,GMAIL,54774,madison.montgomery@GMAIL
Caroline,Chambers,gmail ,54775,caroline.chambers@gmail 
Levi,Garcia,MYOrg,54776,garcilev54776@MYOrg
Stella,Ramirez,GMAIL,54777,stella.ramirez@GMAIL
Violet,Everhart,GMAIL,54778,violet.everhart@GMAIL
Ruby,Hawkins,myorg,54779,hawkirub54779@myorg
Gideon,Crawford,gmail,54780,gideon.crawford@gmail
Hannah,Starcrest,yAhoO,54781,starcrest_hannah@yAhoO
Octavius,Gonzalez,YAHOO,54782,gonzalez_octavius@YAHOO
Arabella,Redmond,YAHOO,54783,redmond_arabella@YAHOO
Magnus,Martin,gMaIl,54784,magnus.martin@gMaIl
Felicity,Sawyer,gMAiL,54785,felicity.sawyer@gMAiL
Seraphina,Taylor,yahoo,54786,taylor_seraphina@yahoo
Brielle,Weiss,gmail,54787,brielle.weiss@gmail
Celestia,Lee,yahoo,54788,lee_celestia@yahoo
Silas,Lachance,YAHOO,54789,lachance_silas@YAHOO
Arabella,Moore,yahoo ,54790,moore_arabella@yahoo 
Elena,Fontaine,GMAIL,54791,elena.fontaine@GMAIL
Alistair,Weiss,GMAIL,54792,alistair.weiss@GMAIL
Caleb,Armstrong,YAHOO ,54793,armstrong_caleb@YAHOO 
James,Lachance,GMAIL ,54794,james.lachance@GMAIL 
Lucy,Johnson,gMAIl,54795,lucy.johnson@gMAIl
Cyrus,Carrington,gmail,54796,cyrus.carrington@gmail
Reginald,White,YAhoo ,54797,white_reginald@YAhoo 
Alistair,Silverwind,myorg,54798,silveali54798@myorg
Jacob,Rodriguez,GMAIL,54799,jacob.rodriguez@GMAIL
James,Douglas,gmail,54800,james.douglas@gmail
Chloe,Jones,MYoRG,54801,joneschl54801@MYoRG
Elowen,Carrington,Yahoo,54802,carrington_elowen@Yahoo
Alexander,Hernandez,gmail ,54803,alexander.hernandez@gmail 
Cassius,Barrett,GMAIL,54804,cassius.barrett@GMAIL
Benjamin,Harris,yahoo,54805,harris_benjamin@yahoo
Elijah,Loxley,MYORG,54806,loxleeli54806@MYORG
Scarlett,Starcrest,myorg,54807,starcsca54807@myorg
Audrey,Robinson,myorg ,54808,robinaud54808@myorg 
Samuel,Kensington,gmail,54809,samuel.kensington@gmail
Percival,Gonzalez,GMAIL,54810,percival.gonzalez@GMAIL
Violet,Wolfhart,mYOrG,54811,wolfhvio54811@mYOrG
Madison,Hawkins,myorg ,54812,hawkimad54812@myorg 
Aria,Brown,YAHOO,54813,brown_aria@YAHOO
Mason,Winterborne,YAHOO,54814,winterborne_mason@YAHOO
Theron,Loxley,GMAIL,54815,theron.loxley@GMAIL
Julian,White,gmail,54816,julian.white@gmail
Isabella,Lawrence,myorg,54817,lawreisa54817@myorg
Noah,Anderson,myorg,54818,andernoa54818@myorg
Lavinia,Marwood,MyOrG,54819,marwolav54819@MyOrG
Noah,Nightwell,mYOrg,54820,nightnoa54820@mYOrg
Maya,Fontaine,yahoo,54821,fontaine_maya@yahoo
Magnus,Wilson,GMAIL,54822,magnus.wilson@GMAIL
William,Jones,gmail,54823,william.jones@gmail
Callum,Ravenscroft,GMAIL,54824,callum.ravenscroft@GMAIL
Evander,Hawkins,gMaIL,54825,evander.hawkins@gMaIL
Octavius,Hartswell,GmaIl,54826,octavius.hartswell@GmaIl
Isolde,Haverhill,gMAIL,54827,isolde.haverhill@gMAIL
Lysander,Lopez,GMaiL,54828,lysander.lopez@GMaiL
Audrey,Anderson,gmail ,54829,audrey.anderson@gmail 
Rosalind,Ravenscroft,GMAIL ,54830,rosalind.ravenscroft@GMAIL 
Scarlett,Sanchez,gmail ,54831,scarlett.sanchez@gmail 
Evelyn,Kensington,GMAIL,54832,evelyn.kensington@GMAIL
Emily,Ashdown,myorg,54833,ashdoemi54833@myorg
Octavia,Kavanagh,gMaIL,54834,octavia.kavanagh@gMaIL
Genevieve,Ramirez,gmail,54835,genevieve.ramirez@gmail
Atticus,Smith,gMail,54836,atticus.smith@gMail
Lucy,Barrett,myorg,54837,barreluc54837@myorg
Cyrus,Ricci,GMAIL,54838,cyrus.ricci@GMAIL
Ophelia,Williams,myOrg ,54839,willioph54839@myOrg 
Stella,Lee,GMAIL,54840,stella.lee@GMAIL
Theron,Lewis,gmail,54841,theron.lewis@gmail
Nora,Hartswell,GMAIL,54842,nora.hartswell@GMAIL
Miles,Hernandez,gMAIl ,54843,miles.hernandez@gMAIl 
Valerius,Kensington,myorg,54844,kensival54844@myorg
Evangeline,Lachance,myorg,54845,lachaeva54845@myorg
William,Bramwell,YAHOO,54846,bramwell_william@YAHOO
Leander,Carrington,gMail ,54847,leander.carrington@gMail 
Miles,Martinez,gmail,54848,miles.martinez@gmail
Aurelia,Thornfield,MYORG,54849,thornaur54849@MYORG
Evangeline,Barrett,GMAIL,54850,evangeline.barrett@GMAIL
Thomas,Brown,GMail ,54851,thomas.brown@GMail 
Valentina,Chambers,GMAIL,54852,valentina.chambers@GMAIL
Violet,Schneider,GMAIL,54853,violet.schneider@GMAIL
Charlotte,Lawrence,YAHOO,54854,lawrence_charlotte@YAHOO
Reginald,Hartswell,MYORG,54855,hartsreg54855@MYORG
Rowena,Brightshield,MYoRG,54856,brighrow54856@MYoRG
Lysander,Kensington,gmail,54857,lysander.kensington@gmail
Noah,Winterborne,GMAil,54858,noah.winterborne@GMAil
Lucian,Bennett,gmail,54859,lucian.bennett@gmail
Logan,Lachance,GmaiL,54860,logan.lachance@GmaiL
Alice,Ricci,GMAIL,54861,alice.ricci@GMAIL
Marcellus,Thompson,MYORG ,54862,thompmar54862@MYORG 
Percival,Chambers,MYORG ,54863,chambper54863@MYORG 
Samuel,Loxley,gmaIL,54864,samuel.loxley@gmaIL
Nora,Robinson,YAHOO ,54865,robinson_nora@YAHOO 
Levi,Bramwell,MYORG,54866,bramwlev54866@MYORG
Harper,Rodriguez,GMAIL,54867,harper.rodriguez@GMAIL
Phoebe,Garcia,MyorG,54868,garcipho54868@MyorG
Hannah,Kovacs,gmail,54869,hannah.kovacs@gmail
Aurelia,Moore,GMAIL,54870,aurelia.moore@GMAIL
Arabella,White,gMaiL,54871,arabella.white@gMaiL
Ruby,Weiss,mYorg,54872,weissrub54872@mYorg
Soren,Johnson,GMAIL,54873,soren.johnson@GMAIL
Evander,Clark,GMAIL,54874,evander.clark@GMAIL
Arabella,Fontaine,gmail,54875,arabella.fontaine@gmail
Theron,Crawford,GMAIL,54876,theron.crawford@GMAIL
Nathan,Brown,Yahoo,54877,brown_nathan@Yahoo
Lucy,Weiss,myorg,54878,weissluc54878@myorg
Benjamin,Crawford,GMAIL,54879,benjamin.crawford@GMAIL
Brielle,Ashdown,GMAIL,54880,brielle.ashdown@GMAIL
Aiden,Devereaux,GMAIL,54881,aiden.devereaux@GMAIL
Genevieve,Robinson,GmAil,54882,genevieve.robinson@GmAil
Jack,Brightshield,GMAIL,54883,jack.brightshield@GMAIL
Chloe,Kavanagh,gMAIl,54884,chloe.kavanagh@gMAIl
Emma,Robinson,GMAiL,54885,emma.robinson@GMAiL
Mason,Kingsford,MYORG,54886,kingsmas54886@MYORG
Caroline,Ludwick,myorg,54887,ludwicar54887@myorg
Dorian,Pennington,gmail,54888,dorian.pennington@gmail
Phoebe,Silverwind,gmail ,54889,phoebe.silverwind@gmail 
Emma,Lee,mYorg,54890,leeemm54890@mYorg
Percival,Nightwell,GMAIL ,54891,percival.nightwell@GMAIL 
Dorian,Fitzroy,YAHOO,54892,fitzroy_dorian@YAHOO
Charlotte,Sanchez,MyOrG ,54893,sanchcha54893@MyOrG 
Scarlett,Kovacs,GMAIL,54894,scarlett.kovacs@GMAIL
Aria,Hernandez,gmaIL,54895,aria.hernandez@gmaIL
Olivia,Schneider,MYORG,54896,schneoli54896@MYORG
Josephine,Schneider,GMAIL ,54897,josephine.schneider@GMAIL 
Brielle,Gonzalez,GMAIL,54898,brielle.gonzalez@GMAIL
Magnus,Wolfhart,yahoo,54899,wolfhart_magnus@yahoo
Evangeline,Redmond,GMAIL,54900,evangeline.redmond@GMAIL
Miles,Rodriguez,GMAIL,54901,miles.rodriguez@GMAIL
Logan,Weiss,myorg,54902,weisslog54902@myorg
James,Brown,gmail,54903,james.brown@gmail
Phoebe,Moore,GMaiL,54904,phoebe.moore@GMaiL
Nathan,Ashdown,YAHOO ,54905,ashdown_nathan@YAHOO 
Evander,Wilson,GMAIL,54906,evander.wilson@GMAIL
Daniel,Hoffmann,yahoo ,54907,hoffmann_daniel@yahoo 
Maximus,Kovacs,YAHOO,54908,kovacs_maximus@YAHOO
Isolde,Martinez,GMAIL,54909,isolde.martinez@GMAIL
Chloe,Hartswell,GMAIL,54910,chloe.hartswell@GMAIL
Soren,Lachance,gMAil,54911,soren.lachance@gMAil
Daniel,Anderson,GMAIL ,54912,daniel.anderson@GMAIL 
Nathan,White,GMAIL,54913,nathan.white@GMAIL
Rosalind,Weiss,myorg,54914,weissros54914@myorg
Valerius,Lewis,GMAIL ,54915,valerius.lewis@GMAIL 
Caroline,Richards,GMAIL,54916,caroline.richards@GMAIL
Callum,Hayes,MyorG,54917,hayescal54917@MyorG
Theron,Hernandez,gMaiL ,54918,theron.hernandez@gMaiL 
Reginald,Winterborne,myorg,54919,wintereg54919@myorg
Harper,Taylor,GMAIl,54920,harper.taylor@GMAIl
Celestia,Shadowbane,GMAIL,54921,celestia.shadowbane@GMAIL
Evander,Hayes,myorg,54922,hayeseva54922@myorg
Harper,Aldridge,MYORG,54923,aldrihar54923@MYORG
Ryan,Brightshield,YAHOO,54924,brightshield_ryan@YAHOO
Aria,Thomas,myorg,54925,thomaari54925@myorg
Lysander,Lewis,myorg,54926,lewislys54926@myorg
Octavia,Winterborne,GMAIL,54927,octavia.winterborne@GMAIL
Olivia,Ramirez,GmAIl,54928,olivia.ramirez@GmAIl
Atticus,Rodriguez,MYorG,54929,rodriatt54929@MYorG
Dorian,Shadowbane,myoRg,54930,shadodor54930@myoRg
Mia,Martinez,YAHOO,54931,martinez_mia@YAHOO
Stella,Brightshield,gmail,54932,stella.brightshield@gmail
Soren,Lopez,gmail ,54933,soren.lopez@gmail 
Damien,Wellington,MyOrg,54934,wellidam54934@MyOrg
Octavia,Blackwood,gMaIL,54935,octavia.blackwood@gMaIL
Tobias,Thornfield,yahoo,54936,thornfield_tobias@yahoo
Ryan,Kingsford,yahoo,54937,kingsford_ryan@yahoo
Caleb,Ricci,GMaIL,54938,caleb.ricci@GMaIL
Hannah,Chambers,MYOrG ,54939,chambhan54939@MYOrG 
Lucian,Winston,MYORG,54940,winstluc54940@MYORG
Genevieve,Blackwood,GMAIL,54941,genevieve.blackwood@GMAIL
Audrey,Stormrider,yahOo,54942,stormrider_audrey@yahOo
Jack,Dalton,gmail,54943,jack.dalton@gmail
Gideon,Ravenscroft,MYORG ,54944,ravengid54944@MYORG 
Asher,Hudson,GmaiL,54945,asher.hudson@GmaiL
Valentina,Armstrong,yahoo,54946,armstrong_valentina@yahoo
Tobias,Moretti,GmAil ,54947,tobias.moretti@GmAil 
Seraphina,Wolfhart,GMAIL,54948,seraphina.wolfhart@GMAIL
Chloe,Lee,yAHOO,54949,lee_chloe@yAHOO
Caroline,Lawrence,gmail ,54950,caroline.lawrence@gmail 
Marcellus,Langford,gmail,54951,marcellus.langford@gmail
Rowena,Sanchez,YAHoo,54952,sanchez_rowena@YAHoo
Atticus,Fitzroy,yahoo ,54953,fitzroy_atticus@yahoo 
Damien,Dumont,GmaiL,54954,damien.dumont@GmaiL
Lucas,Miller,myORg,54955,milleluc54955@myORg
Alistair,Chambers,GMAIL,54956,alistair.chambers@GMAIL
Nora,Beauregard,gMAIl,54957,nora.beauregard@gMAIl
Levi,Hartswell,gmail ,54958,levi.hartswell@gmail 
Marcellus,Blackwood,MyORg,54959,blackmar54959@MyORg
Jack,Carrington,myorg,54960,carrijac54960@myorg
Jacob,Winston,myorg,54961,winstjac54961@myorg
Cassius,White,MYoRg,54962,whitecas54962@MYoRg
Cyrus,Sawyer,gmail,54963,cyrus.sawyer@gmail
Chloe,Miller,gmail,54964,chloe.miller@gmail
Henry,Douglas,GMAIL,54965,henry.douglas@GMAIL
Nora,Holloway,gmAIL,54966,nora.holloway@gmAIL
Magnus,Ramirez,gmail,54967,magnus.ramirez@gmail
Lysander,OMalley,yahoo,54968,omalley_lysander@yahoo
Arabella,Nightwell,GMAIL ,54969,arabella.nightwell@GMAIL 
Isaiah,Martin,GmAIL,54970,isaiah.martin@GmAIL
Magnus,Kavanagh,gMaIl,54971,magnus.kavanagh@gMaIl
Caleb,Redmond,myorg,54972,redmocal54972@myorg
Octavius,Richards,MYorG ,54973,richaoct54973@MYorG 
Cyrus,OMalley,GMaiL,54974,cyrus.omalley@GMaiL
Isolde,Rodriguez,gmail ,54975,isolde.rodriguez@gmail 
Ryan,Lawrence,myorg,54976,lawrerya54976@myorg
Caroline,Carrington,GMAIL,54977,caroline.carrington@GMAIL
Henry,Garcia,myorg,54978,garcihen54978@myorg
Maya,Somerfield,myOrG,54979,somermay54979@myOrG
Damien,Sanchez,GMAIL,54980,damien.sanchez@GMAIL
Sophia,Kavanagh,GMAIl,54981,sophia.kavanagh@GMAIl
Marcella,Shadowbane,yAHoO,54982,shadowbane_marcella@yAHoO
Isolde,Montgomery,GMAIL,54983,isolde.montgomery@GMAIL
William,Miller,gmaIl,54984,william.miller@gmaIl
Rowena,Ashford,myorg,54985,ashforow54985@myorg
Rosalind,Brown,yahoo,54986,brown_rosalind@yahoo
Alistair,Nightwell,yahoo,54987,nightwell_alistair@yahoo
Genevieve,Brightshield,myorg,54988,brighgen54988@myorg
Helena,Stormwind,GMAIL,54989,helena.stormwind@GMAIL
Atticus,Ravenscroft,gmail,54990,atticus.ravenscroft@gmail
Isolde,Fitzroy,myorg,54991,fitzriso54991@myorg
Mia,Rodriguez,GMAIL,54992,mia.rodriguez@GMAIL
Grace,Anderson,gmail,54993,grace.anderson@gmail
Harper,Hudson,yahoo,54994,hudson_harper@yahoo
Noah,Wallace,GMAIl ,54995,noah.wallace@GMAIl 
Ryan,Carrington,gmail,54996,ryan.carrington@gmail
Audrey,Wallace,Gmail,54997,audrey.wallace@Gmail
Emily,Hawkins,GMAIL,54998,emily.hawkins@GMAIL
Elijah,Davis,GMAIL,54999,elijah.davis@GMAIL
Atticus,Bennett,GMAil,55000,atticus.bennett@GMAil
Henry,Winston,gmail,55001,henry.winston@gmail
Emily,Taylor,MYORg,55002,tayloemi55002@MYORg
Marcellus,Brightshield,MYORg,55003,brighmar55003@MYORg
Evangeline,OMalley,GMAIL,55004,evangeline.omalley@GMAIL
Miles,Barrett,yAHOo,55005,barrett_miles@yAHOo
Thomas,Winterborne,GMAIL,55006,thomas.winterborne@GMAIL
Leander,Sawyer,GMAIL,55007,leander.sawyer@GMAIL
Genevieve,Stormrider,yahoo ,55008,stormrider_genevieve@yahoo 
Gideon,Hudson,GMAIL,55009,gideon.hudson@GMAIL
Elena,Marwood,YAHOO,55010,marwood_elena@YAHOO
Cyrus,Martinez,gmail,55011,cyrus.martinez@gmail
Ava,Moretti,yahoo,55012,moretti_ava@yahoo
Miles,Douglas,gMAIL,55013,miles.douglas@gMAIL
Ruby,Devereaux,yahoo,55014,devereaux_ruby@yahoo
Logan,Crawford,GMAIL,55015,logan.crawford@GMAIL
Alistair,Winterborne,yahoO,55016,winterborne_alistair@yahoO
Octavius,Dumont,GMAIL,55017,octavius.dumont@GMAIL
Lucy,Devereaux,gMaIL,55018,lucy.devereaux@gMaIL
Evander,Preston,yahoo,55019,preston_evander@yahoo
Rosalind,Fontaine,gMail ,55020,rosalind.fontaine@gMail 
Maya,Martin,MyOrG,55021,martimay55021@MyOrG
Felicity,Garcia,MYORG,55022,garcifel55022@MYORG
Celestia,Redmond,gmail,55023,celestia.redmond@gmail
Samuel,Stormwind,myORG,55024,stormsam55024@myORG
Octavius,Starcrest,GMAIL,55025,octavius.starcrest@GMAIL
Benjamin,Hawkins,YAHOO,55026,hawkins_benjamin@YAHOO
Ella,Miller,gmail,55027,ella.miller@gmail
Emma,Lawrence,GMAIL,55028,emma.lawrence@GMAIL
Dorian,Redmond,yahoo,55029,redmond_dorian@yahoo
Isolde,Dalton,yahOo,55030,dalton_isolde@yahOo
Theron,Aldridge,gmail,55031,theron.aldridge@gmail
Violet,Pennington,MyOrG ,55032,pennivio55032@MyOrG 
Madison,Ramirez,gmail,55033,madison.ramirez@gmail
Emma,Williams,GMAIL,55034,emma.williams@GMAIL
Reginald,Wilson,gmail,55035,reginald.wilson@gmail
Owen,Thomas,gmail,55036,owen.thomas@gmail
Christian,Lawrence,GMAIL,55037,christian.lawrence@GMAIL
Nora,Wallace,gMAIL ,55038,nora.wallace@gMAIL 
Marcella,Ricci,yahoO,55039,ricci_marcella@yahoO
Elena,Silverwind,YAHOO,55040,silverwind_elena@YAHOO
Asher,Ashdown,MyoRg,55041,ashdoash55041@MyoRg
Josephine,Armstrong,GMaIl,55042,josephine.armstrong@GMaIl
Felicity,Winston,GMAIL,55043,felicity.winston@GMAIL
Audrey,Moretti,MYORG,55044,moretaud55044@MYORG
Lucy,Thomas,mYorG,55045,thomaluc55045@mYorG
Thomas,Harrington,GMaIL,55046,thomas.harrington@GMaIL
Valentina,Wallace,YahoO,55047,wallace_valentina@YahoO
Charlotte,Smith,MYORG,55048,smithcha55048@MYORG
Hannah,Ludwick,YAHOO,55049,ludwick_hannah@YAHOO
Ryan,Moretti,myorg,55050,moretrya55050@myorg
Silas,Winterborne,MYORG,55051,wintesil55051@MYORG
Phoebe,Thomas,gmaIl ,55052,phoebe.thomas@gmaIl 
Emily,Marwood,yahoo,55053,marwood_emily@yahoo
Julian,Wilson,yAHOO,55054,wilson_julian@yAHOO
Felicity,Moore,gmAIL,55055,felicity.moore@gmAIL
Marcella,Ashford,GMAIL,55056,marcella.ashford@GMAIL
Lily,Winterborne,GMAIL,55057,lily.winterborne@GMAIL
Oliver,Miller,MYoRG,55058,milleoli55058@MYoRG
Julian,Dumont,yahoo,55059,dumont_julian@yahoo
Hannah,Barlow,GMAIL,55060,hannah.barlow@GMAIL
Elijah,Kingsley,GMaIL,55061,elijah.kingsley@GMaIL
Lysander,Rodriguez,GMAIL,55062,lysander.rodriguez@GMAIL
Alistair,Holloway,yahoo,55063,holloway_alistair@yahoo
Atticus,Ashford,mYORG,55064,ashfoatt55064@mYORG
Amelia,Lawrence,myoRg ,55065,lawreame55065@myoRg 
Ryan,Reynolds,GMAIL,55066,ryan.reynolds@GMAIL
Marcella,Kensington,gMaiL,55067,marcella.kensington@gMaiL
Levi,Holloway,gmail ,55068,levi.holloway@gmail 
Elijah,Lachance,GmAIl,55069,elijah.lachance@GmAIl
Arabella,Richards,YAHOo,55070,richards_arabella@YAHOo
Atticus,Kensington,myorg ,55071,kensiatt55071@myorg 
Isabella,Langford,yahoo,55072,langford_isabella@yahoo
William,Richards,YAHOo,55073,richards_william@YAHOo
Evander,Hartswell,GMAIL,55074,evander.hartswell@GMAIL
Harper,Brown,mYORG,55075,brownhar55075@mYORG
Aiden,Wellington,YAHOO,55076,wellington_aiden@YAHOO
Theron,Lachance,myorg,55077,lachathe55077@myorg
Thaddeus,Hudson,GMAIL,55078,thaddeus.hudson@GMAIL
Sebastian,Ramirez,GMAIL,55079,sebastian.ramirez@GMAIL
Emily,Wilson,GMAIL,55080,emily.wilson@GMAIL
Hannah,Stormrider,yahoo,55081,stormrider_hannah@yahoo
Valentina,Lopez,myoRg,55082,lopezval55082@myoRg
Christian,Wallace,GMAIl,55083,christian.wallace@GMAIl
Samuel,Aldridge,myorg,55084,aldrisam55084@myorg
Cyrus,Pennington,MYORG,55085,pennicyr55085@MYORG
Damien,Kavanagh,gMaIl,55086,damien.kavanagh@gMaIl
Rowena,Sawyer,GMAIL,55087,rowena.sawyer@GMAIL
Noah,Schneider,MYORG,55088,schnenoa55088@MYORG
Celestia,Lewis,gmail,55089,celestia.lewis@gmail
Jacob,Devereaux,MYORG,55090,deverjac55090@MYORG
Valentina,Ricci,gmail,55091,valentina.ricci@gmail
Henry,Ashdown,yahoo ,55092,ashdown_henry@yahoo 
Nathan,Ludwick,gmAil,55093,nathan.ludwick@gmAil
Miles,Harris,GmaIl,55094,miles.harris@GmaIl
Grace,Kingsford,YAHOO,55095,kingsford_grace@YAHOO
Mason,Thompson,gmail,55096,mason.thompson@gmail
Olivia,Kingsford,GMAil,55097,olivia.kingsford@GMAil
Arabella,Marwood,gmail,55098,arabella.marwood@gmail
Elijah,Garcia,MYORG,55099,garcieli55099@MYORG
Scarlett,Fitzroy,myorg,55100,fitzrsca55100@myorg
Octavia,Perez,myorg,55101,perezoct55101@myorg
Madison,Lee,GMAIL ,55102,madison.lee@GMAIL 
Jacob,Hartswell,gmAiL ,55103,jacob.hartswell@gmAiL 
Scarlett,Kingsford,gmail,55104,scarlett.kingsford@gmail
James,Taylor,GMAIL,55105,james.taylor@GMAIL
Theron,Hudson,gmAIl,55106,theron.hudson@gmAIl
Madison,Nightwell,GMAIL,55107,madison.nightwell@GMAIL
Chloe,Carrington,gMAIl,55108,chloe.carrington@gMAIl
James,Aldridge,yAHoo,55109,aldridge_james@yAHoo
Valerius,Taylor,GMAIL ,55110,valerius.taylor@GMAIL 
Cassius,Somerfield,gmail ,55111,cassius.somerfield@gmail 
Soren,Hernandez,MYORG,55112,hernasor55112@MYORG
Marcellus,Lopez,gmail,55113,marcellus.lopez@gmail
Alice,Fitzroy,MyoRg,55114,fitzrali55114@MyoRg
Harper,Preston,YaHOO,55115,preston_harper@YaHOO
Elijah,Fletcher,YahOo,55116,fletcher_elijah@YahOo
Evander,Nightwell,GMAIL,55117,evander.nightwell@GMAIL
James,Holloway,YAHOO ,55118,holloway_james@YAHOO 
Aurelia,Taylor,gMaIl,55119,aurelia.taylor@gMaIl
Asher,Chambers,GmAil ,55120,asher.chambers@GmAil 
Brielle,Lawrence,gmail,55121,brielle.lawrence@gmail
Octavia,Moretti,YAHOO,55122,moretti_octavia@YAHOO
Samuel,Martin,gMaiL ,55123,samuel.martin@gMaiL 
Jacob,Thomas,GMAIL ,55124,jacob.thomas@GMAIL 
William,Dumont,myorg,55125,dumonwil55125@myorg
Celestia,Crawford,gmail,55126,celestia.crawford@gmail
Ryan,Haverhill,GMAIL,55127,ryan.haverhill@GMAIL
Celestia,OMalley,gmaiL,55128,celestia.omalley@gmaiL
Cyrus,Aldridge,GMAIL,55129,cyrus.aldridge@GMAIL
Mason,Smith,gmail,55130,mason.smith@gmail
Thomas,Dumont,GMAIL,55131,thomas.dumont@GMAIL
Wesley,Wallace,myorg,55132,wallawes55132@myorg
Evelyn,Martin,GMAIL,55133,evelyn.martin@GMAIL
Scarlett,Shadowbane,gmail,55134,scarlett.shadowbane@gmail
Emma,Reynolds,yahoo,55135,reynolds_emma@yahoo
Damien,Robinson,GMAIL,55136,damien.robinson@GMAIL
Isolde,Moore,MYORG,55137,mooreiso55137@MYORG
Grace,Dalton,GmAIL,55138,grace.dalton@GmAIL
Asher,Robinson,gmail,55139,asher.robinson@gmail
Brielle,Dumont,gmAIL,55140,brielle.dumont@gmAIL
Elowen,Ravenscroft,gmail ,55141,elowen.ravenscroft@gmail 
Ronan,Ashdown,GMAIL,55142,ronan.ashdown@GMAIL
Callum,Winterborne,gmail ,55143,callum.winterborne@gmail 
Sophia,Kingsford,gmail,55144,sophia.kingsford@gmail
Atticus,Brown,gmail,55145,atticus.brown@gmail
Isabella,Kingsford,gMAil,55146,isabella.kingsford@gMAil
Mia,Winston,gMAIl,55147,mia.winston@gMAIl
Valerius,Martin,GMAIL,55148,valerius.martin@GMAIL
Lucian,Montgomery,gmail,55149,lucian.montgomery@gmail
Grace,Jackson,myorg ,55150,jacksgra55150@myorg 
Atticus,Lewis,gmail,55151,atticus.lewis@gmail
Lucy,Harrington,MYORG,55152,harriluc55152@MYORG
Olivia,Bellerose,myorg ,55153,belleoli55153@myorg 
Grace,Carrington,gMail,55154,grace.carrington@gMail
Tobias,Rodriguez,yAHOO,55155,rodriguez_tobias@yAHOO
Tobias,Stormwind,yahoo,55156,stormwind_tobias@yahoo
Aurelia,Barrett,GMAIL,55157,aurelia.barrett@GMAIL
Amelia,Wolfhart,GMAil,55158,amelia.wolfhart@GMAil
Phoebe,Holloway,MYORG,55159,hollopho55159@MYORG
Caroline,Anderson,myorg,55160,andercar55160@myorg
Dorian,Devereaux,gmAIL,55161,dorian.devereaux@gmAIL
Evelyn,Wellington,gmaIL,55162,evelyn.wellington@gmaIL
Miles,Gonzalez,gmail,55163,miles.gonzalez@gmail
Christian,Kovacs,GMaIl,55164,christian.kovacs@GMaIl
Elijah,Jackson,MYORG,55165,jackseli55165@MYORG
Jack,Hernandez,GMAIL,55166,jack.hernandez@GMAIL
Logan,Hawkins,GMAIL,55167,logan.hawkins@GMAIL
Violet,Weiss,myorg,55168,weissvio55168@myorg
Cyrus,Barrett,gmail,55169,cyrus.barrett@gmail
Violet,Hayes,gMAiL ,55170,violet.hayes@gMAiL 
Cyrus,Clark,mYoRG,55171,clarkcyr55171@mYoRG
Elowen,Martin,yahoo,55172,martin_elowen@yahoo
Levi,Sanchez,GMAil,55173,levi.sanchez@GMAil
Soren,Stormwind,GMAIL ,55174,soren.stormwind@GMAIL 
Nathan,Wallace,GmAIL,55175,nathan.wallace@GmAIL
Violet,Winston,gmail,55176,violet.winston@gmail
James,Hudson,gmail,55177,james.hudson@gmail
Thomas,Ricci,gmail,55178,thomas.ricci@gmail
Rowena,Armstrong,GMail,55179,rowena.armstrong@GMail
Seraphina,Richards,GMAIL,55180,seraphina.richards@GMAIL
Rosalind,Beauregard,gmail,55181,rosalind.beauregard@gmail
Marcella,OMalley,GMail,55182,marcella.omalley@GMail
Sebastian,Langford,GMAIL,55183,sebastian.langford@GMAIL
Felicity,Devereaux,gMAIL ,55184,felicity.devereaux@gMAIL 
Madison,Harrington,gmail,55185,madison.harrington@gmail
Marcellus,Loxley,YAHOO,55186,loxley_marcellus@YAHOO
Cassius,Williams,GMAIL,55187,cassius.williams@GMAIL
Silas,Dumont,myorg ,55188,dumonsil55188@myorg 
Violet,Moore,MYORG,55189,moorevio55189@MYORG
Aurelia,Hudson,GmAiL,55190,aurelia.hudson@GmAiL
Rosalind,Harrington,GMAIl,55191,rosalind.harrington@GMAIl
Elowen,Douglas,gmail ,55192,elowen.douglas@gmail 
James,Dumont,GMAil,55193,james.dumont@GMAil
Julian,Gonzalez,MYORG,55194,gonzajul55194@MYORG
Harper,Robinson,gmAIl,55195,harper.robinson@gmAIl
Grace,Lopez,gmAIl ,55196,grace.lopez@gmAIl 
Callum,Ludwick,gMail ,55197,callum.ludwick@gMail 
Ella,Starcrest,GMAIL,55198,ella.starcrest@GMAIL
Tobias,Frosthelm,MyORG,55199,frosttob55199@MyORG
Elowen,Marwood,gmail,55200,elowen.marwood@gmail
Alice,Lachance,GMAIL,55201,alice.lachance@GMAIL
Aurelia,Wilson,YAHOO,55202,wilson_aurelia@YAHOO
Madison,Brightshield,myorg,55203,brighmad55203@myorg
Caleb,Davis,GMAIL,55204,caleb.davis@GMAIL
Callum,Brightshield,gmail,55205,callum.brightshield@gmail
Silas,Starcrest,GMaIl,55206,silas.starcrest@GMaIl
Josephine,Garcia,GMAIL ,55207,josephine.garcia@GMAIL 
Cassius,Wilson,GMaiL,55208,cassius.wilson@GMaiL
Helena,Ironwood,gmAiL ,55209,helena.ironwood@gmAiL 
Arabella,Reynolds,gmail,55210,arabella.reynolds@gmail
Julian,Ramirez,gmaIL,55211,julian.ramirez@gmaIL
Thaddeus,Preston,yahoo,55212,preston_thaddeus@yahoo
Cassius,Dumont,GMAIL,55213,cassius.dumont@GMAIL
William,Reynolds,GMAIL,55214,william.reynolds@GMAIL
Genevieve,Thompson,gmail,55215,genevieve.thompson@gmail
Lavinia,Dumont,yahoO,55216,dumont_lavinia@yahoO
Elowen,Hudson,gmail,55217,elowen.hudson@gmail
Aurelia,Weiss,GMAiL,55218,aurelia.weiss@GMAiL
Caroline,Blackwood,YAHOO,55219,blackwood_caroline@YAHOO
Caleb,Frosthelm,YAHOO,55220,frosthelm_caleb@YAHOO
Owen,Garcia,MYORg,55221,garciowe55221@MYORg
Aurelia,Hayes,GMAIL,55222,aurelia.hayes@GMAIL
Reginald,Chambers,GMAIL,55223,reginald.chambers@GMAIL
Josephine,Fletcher,myorg,55224,fletcjos55224@myorg
Silas,Sanchez,YAhoo ,55225,sanchez_silas@YAhoo 
Brielle,Ironwood,gmail ,55226,brielle.ironwood@gmail 
Rowena,Pennington,gMAIl,55227,rowena.pennington@gMAIl
Octavius,Hoffmann,gmail,55228,octavius.hoffmann@gmail
Wesley,Kovacs,MYORG,55229,kovacwes55229@MYORG
Atticus,Devereaux,GMAIL ,55230,atticus.devereaux@GMAIL 
Elowen,Wilson,GmAil,55231,elowen.wilson@GmAil
Ophelia,Carrington,GMaIL ,55232,ophelia.carrington@GMaIL 
Grace,Kensington,gmAiL,55233,grace.kensington@gmAiL
Magnus,Everhart,gmaIL,55234,magnus.everhart@gmaIL
Daniel,Thompson,GMAIL,55235,daniel.thompson@GMAIL
Elena,Robinson,myORG ,55236,robinele55236@myORG 
Marcella,Martinez,GMAIL,55237,marcella.martinez@GMAIL
Jacob,Holloway,GMAIL,55238,jacob.holloway@GMAIL
Caroline,Armstrong,gmail,55239,caroline.armstrong@gmail
Mason,Stormwind,gMaIl,55240,mason.stormwind@gMaIl
Oliver,Wallace,GMAIL,55241,oliver.wallace@GMAIL
Rowena,Davis,GMAIL ,55242,rowena.davis@GMAIL 
Scarlett,Moretti,GMAiL,55243,scarlett.moretti@GMAiL
Arabella,Schneider,GMAIL,55244,arabella.schneider@GMAIL
Benedict,Harrington,gmail ,55245,benedict.harrington@gmail 
Mason,Montgomery,YAHOO,55246,montgomery_mason@YAHOO
Asher,Harrington,gMaIL,55247,asher.harrington@gMaIL
Nora,Hoffmann,MYORG,55248,hoffmnor55248@MYORG
Alice,Fletcher,GMaIL,55249,alice.fletcher@GMaIL
Benedict,Holloway,MYORG ,55250,holloben55250@MYORG 
Nora,Lee,mYorg,55251,leenor55251@mYorg
Damien,Ludwick,gmail ,55252,damien.ludwick@gmail 
Celestia,Montgomery,GMAIL,55253,celestia.montgomery@GMAIL
Lavinia,Sanchez,GMAIL,55254,lavinia.sanchez@GMAIL
Percival,Smith,GMAIL ,55255,percival.smith@GMAIL 
Evangeline,Wilson,yahoo,55256,wilson_evangeline@yahoo
Scarlett,Redmond,myorG,55257,redmosca55257@myorG
Violet,Bramwell,YAHOO,55258,bramwell_violet@YAHOO
Audrey,Armstrong,GMAIL ,55259,audrey.armstrong@GMAIL 
Dorian,Montgomery,myorg,55260,montgdor55260@myorg
Reginald,Anderson,YAHoO ,55261,anderson_reginald@YAHoO 
Brielle,Schneider,GMAIL,55262,brielle.schneider@GMAIL
Elena,Miller,GmAiL ,55263,elena.miller@GmAiL 
Percival,Hoffmann,myorg,55264,hoffmper55264@myorg
Mia,Crawford,GMAIL,55265,mia.crawford@GMAIL
Ava,Davis,MYORG,55266,davisava55266@MYORG
Mason,Davis,gmaIl,55267,mason.davis@gmaIl
Alice,Redmond,myOrG ,55268,redmoali55268@myOrG 
Daniel,OMalley,GMAIL,55269,daniel.omalley@GMAIL
Christian,Smith,gmail,55270,christian.smith@gmail
Celestia,Davis,GMAIL,55271,celestia.davis@GMAIL
Lucian,Marwood,myorg,55272,marwoluc55272@myorg
Arabella,Ramirez,myorg ,55273,ramirara55273@myorg 
Daniel,Smith,GMail,55274,daniel.smith@GMail
Amelia,Sawyer,gMAIl,55275,amelia.sawyer@gMAIl
Lucy,Sanchez,yahoo,55276,sanchez_lucy@yahoo
Caroline,Pennington,GmAil,55277,caroline.pennington@GmAil
Ava,Frosthelm,MYORG,55278,frostava55278@MYORG
Tobias,Douglas,gMail,55279,tobias.douglas@gMail
Julian,Lee,gmail,55280,julian.lee@gmail
Christian,Hoffmann,GMAIL,55281,christian.hoffmann@GMAIL
Phoebe,Sanchez,gmail,55282,phoebe.sanchez@gmail
Henry,Harrington,myOrG,55283,harrihen55283@myOrG
Julian,Nightwell,gmail ,55284,julian.nightwell@gmail 
Hannah,Lewis,gmail ,55285,hannah.lewis@gmail 
Christian,Lee,YAHOO,55286,lee_christian@YAHOO
Josephine,Loxley,gmail ,55287,josephine.loxley@gmail 
Percival,Hernandez,GMAIL ,55288,percival.hernandez@GMAIL 
Ryan,Rodriguez,yahOo,55289,rodriguez_ryan@yahOo
Octavia,Martinez,mYorg,55290,martioct55290@mYorg
Henry,Holloway,gmail ,55291,henry.holloway@gmail 
Isaiah,Armstrong,yahoo,55292,armstrong_isaiah@yahoo
Elena,Winterborne,MYORG,55293,winteele55293@MYORG
Valerius,Ironwood,GMAIL,55294,valerius.ironwood@GMAIL
Emma,Hernandez,GMAIL ,55295,emma.hernandez@GMAIL 
Octavius,Armstrong,MYORG,55296,armstoct55296@MYORG
Elowen,Jones,myorg ,55297,joneselo55297@myorg 
Rosalind,Starcrest,gmaIL,55298,rosalind.starcrest@gmaIL
Tobias,Garcia,yAhOO,55299,garcia_tobias@yAhOO
Violet,Crawford,myorg,55300,crawfvio55300@myorg
Ella,Kovacs,GMAIL ,55301,ella.kovacs@GMAIL 
Levi,Haverhill,GmAil,55302,levi.haverhill@GmAil
Dorian,Somerfield,GMAIL,55303,dorian.somerfield@GMAIL
Ophelia,Moretti,MYoRG ,55304,moretoph55304@MYoRG 
Emily,Hoffmann,gmail,55305,emily.hoffmann@gmail
Lysander,Bramwell,GmaIl,55306,lysander.bramwell@GmaIl
Violet,OMalley,myoRg,55307,omallvio55307@myoRg
Silas,Kovacs,YAHOO,55308,kovacs_silas@YAHOO
Lucas,Robinson,GMAiL,55309,lucas.robinson@GMAiL
Stella,Montgomery,myorg,55310,montgste55310@myorg
Isabella,Moore,GMAIL,55311,isabella.moore@GMAIL
Theron,Chambers,MYORG ,55312,chambthe55312@MYORG 
Mason,Dalton,GMAIL,55313,mason.dalton@GMAIL
Emily,Nightwell,GMAIL,55314,emily.nightwell@GMAIL
Charlotte,Fletcher,myorg ,55315,fletccha55315@myorg 
Alexander,Holloway,GMAIL,55316,alexander.holloway@GMAIL
Olivia,Lewis,GMAIL,55317,olivia.lewis@GMAIL
Alexander,Brightshield,MYORG,55318,brighale55318@MYORG
Soren,Hudson,mYorG,55319,hudsosor55319@mYorG
Aria,Lee,myorg,55320,leeari55320@myorg
Damien,Bennett,myorg,55321,bennedam55321@myorg
Tobias,Weiss,gmail,55322,tobias.weiss@gmail
Ryan,Davis,GMAIL,55323,ryan.davis@GMAIL
Cassius,Kovacs,gmail ,55324,cassius.kovacs@gmail 
Julian,Langford,GMaIL,55325,julian.langford@GMaIL
Caleb,Wilson,yAHOo,55326,wilson_caleb@yAHOo
Isaiah,Brightshield,GMAIL,55327,isaiah.brightshield@GMAIL
Chloe,Anderson,GMAIL,55328,chloe.anderson@GMAIL
Sebastian,Jackson,gmail,55329,sebastian.jackson@gmail
Damien,Jackson,yahOo,55330,jackson_damien@yahOo
Maya,Langford,GMAIL,55331,maya.langford@GMAIL
Seraphina,Reynolds,gMAIl,55332,seraphina.reynolds@gMAIl
Tobias,Silverwind,gmail ,55333,tobias.silverwind@gmail 
Miles,Somerfield,MYORG,55334,somermil55334@MYORG
Rowena,Douglas,gmail,55335,rowena.douglas@gmail
Percival,Armstrong,YAHOO,55336,armstrong_percival@YAHOO
Maya,Blackwood,yahoo,55337,blackwood_maya@yahoo
Evelyn,Ramirez,gmail,55338,evelyn.ramirez@gmail
Isaiah,Kingsford,MYORG,55339,kingsisa55339@MYORG
Benedict,Weiss,yahoo,55340,weiss_benedict@yahoo
Benjamin,Hoffmann,myorg,55341,hoffmben55341@myorg
Caleb,Weiss,GMAIL,55342,caleb.weiss@GMAIL
Ronan,Harrington,gmail,55343,ronan.harrington@gmail
Theron,Lee,MYORg,55344,leethe55344@MYORg
Ella,Ramirez,gMAIl,55345,ella.ramirez@gMAIl
Emma,Armstrong,mYOrg,55346,armstemm55346@mYOrg
Alexander,Stormrider,YaHoo,55347,stormrider_alexander@YaHoo
Elena,Holloway,yahoo,55348,holloway_elena@yahoo
Arabella,Anderson,gmail ,55349,arabella.anderson@gmail 
Helena,Lee,GMail ,55350,helena.lee@GMail 
Emily,Langford,yahoo ,55351,langford_emily@yahoo 
Caleb,Silverwind,myorg ,55352,silvecal55352@myorg 
Owen,Ashdown,gMAil,55353,owen.ashdown@gMAil
Celestia,Lachance,YAHOO,55354,lachance_celestia@YAHOO
Elena,Brightshield,yahoo,55355,brightshield_elena@yahoo
Cyrus,Crawford,GMAIL ,55356,cyrus.crawford@GMAIL 
Valerius,Ramirez,gMaIl ,55357,valerius.ramirez@gMaIl 
Atticus,Frosthelm,GMAIL,55358,atticus.frosthelm@GMAIL
Grace,OMalley,gmail,55359,grace.omalley@gmail
Theron,Miller,GMAiL ,55360,theron.miller@GMAiL 
Olivia,OMalley,MYORG,55361,omalloli55361@MYORG
Thomas,Anderson,GMAIL,55362,thomas.anderson@GMAIL
Henry,Wellington,GMAIL,55363,henry.wellington@GMAIL
Mason,Douglas,GMAIL ,55364,mason.douglas@GMAIL 
Josephine,Gonzalez,gmail ,55365,josephine.gonzalez@gmail 
Logan,Reynolds,yahoo,55366,reynolds_logan@yahoo
Dorian,Lachance,GMAIL ,55367,dorian.lachance@GMAIL 
Helena,Miller,gmail,55368,helena.miller@gmail
Wesley,Martinez,MYORG,55369,martiwes55369@MYORG
Scarlett,Crawford,GMAIL,55370,scarlett.crawford@GMAIL
Cassius,Haverhill,gMAil,55371,cassius.haverhill@gMAil
Marcella,Aldridge,gmail,55372,marcella.aldridge@gmail
Marcella,Ravenscroft,GMAIL,55373,marcella.ravenscroft@GMAIL
Emma,Montgomery,gmail,55374,emma.montgomery@gmail
Asher,Everhart,GmAil,55375,asher.everhart@GmAil
Maximus,Crawford,GMAIL,55376,maximus.crawford@GMAIL
Octavia,Pennington,YAHoO ,55377,pennington_octavia@YAHoO 
Oliver,Kavanagh,GMAIL ,55378,oliver.kavanagh@GMAIL 
Daniel,Rodriguez,gmail,55379,daniel.rodriguez@gmail
Emma,Pennington,myorg,55380,penniemm55380@myorg
Evangeline,Preston,GMAIL,55381,evangeline.preston@GMAIL
Theron,Winterborne,MYORG,55382,wintethe55382@MYORG
Samuel,Robinson,gmail,55383,samuel.robinson@gmail
Emma,Fitzroy,yaHOO,55384,fitzroy_emma@yaHOO
Asher,Ricci,gmail,55385,asher.ricci@gmail
Christian,Ludwick,gmail,55386,christian.ludwick@gmail
Jack,Hudson,GMAIL,55387,jack.hudson@GMAIL
Daniel,Montgomery,yahoo ,55388,montgomery_daniel@yahoo 
Miles,Martin,GMAIl,55389,miles.martin@GMAIl
Nathan,Hoffmann,gmaIL,55390,nathan.hoffmann@gmaIL
Henry,Starcrest,gmail,55391,henry.starcrest@gmail
Sophia,Sawyer,mYORg,55392,sawyesop55392@mYORg
Oliver,Thompson,GMAIL,55393,oliver.thompson@GMAIL
Seraphina,Haverhill,YAHOO,55394,haverhill_seraphina@YAHOO
Lucy,Ramirez,gmail,55395,lucy.ramirez@gmail
Evangeline,Gonzalez,gmail ,55396,evangeline.gonzalez@gmail 
Aurelia,Hartswell,GMAIL,55397,aurelia.hartswell@GMAIL
Sebastian,Thornfield,gmail,55398,sebastian.thornfield@gmail
Soren,Jones,GMAIL,55399,soren.jones@GMAIL
Ava,Weiss,gmail,55400,ava.weiss@gmail
Alexander,Carrington,MYORG,55401,carriale55401@MYORG
Grace,Martinez,GMAIL,55402,grace.martinez@GMAIL
Thaddeus,Harrington,gmail ,55403,thaddeus.harrington@gmail 
Ronan,Lawrence,GMAIL,55404,ronan.lawrence@GMAIL
Lily,Smith,gmail,55405,lily.smith@gmail
Silas,Robinson,GMAIL,55406,silas.robinson@GMAIL
Julian,Richards,GMAIL,55407,julian.richards@GMAIL
Ella,Hoffmann,GMAIL,55408,ella.hoffmann@GMAIL
James,Robinson,YaHoo,55409,robinson_james@YaHoo
Lucas,Kingsley,yahoo,55410,kingsley_lucas@yahoo
Emily,Brightshield,GMAIl ,55411,emily.brightshield@GMAIl 
Valentina,Ravenscroft,gmail ,55412,valentina.ravenscroft@gmail 
Evelyn,Lee,myorg,55413,leeeve55413@myorg
Noah,Lopez,gmail ,55414,noah.lopez@gmail 
Alice,Devereaux,GMAIL,55415,alice.devereaux@GMAIL
Asher,Wolfhart,gmail,55416,asher.wolfhart@gmail
Emily,Barlow,MYORG,55417,barloemi55417@MYORG
Gideon,Carrington,MYORG,55418,carrigid55418@MYORG
Silas,Anderson,GMAIL,55419,silas.anderson@GMAIL
Elijah,Taylor,gmail,55420,elijah.taylor@gmail
Soren,Ironwood,gmaIL,55421,soren.ironwood@gmaIL
Nora,Bennett,mYORg ,55422,bennenor55422@mYORg 
Emma,Shadowbane,gMAIl,55423,emma.shadowbane@gMAIl
Isolde,Harrington,gMaiL ,55424,isolde.harrington@gMaiL 
Sophia,Hoffmann,myorg,55425,hoffmsop55425@myorg
Gideon,Starcrest,GMAIL,55426,gideon.starcrest@GMAIL
Valerius,Anderson,MYOrG,55427,anderval55427@MYOrG
Helena,Beauregard,gmail,55428,helena.beauregard@gmail
Nora,Carrington,GMAIL,55429,nora.carrington@GMAIL
Samuel,Winterborne,gmAIL,55430,samuel.winterborne@gmAIL
Cassius,Hoffmann,MyOrG,55431,hoffmcas55431@MyOrG
Genevieve,Dalton,YAhoo,55432,dalton_genevieve@YAhoo
Thaddeus,Shadowbane,MYORG,55433,shadotha55433@MYORG
Scarlett,Thomas,gmAil,55434,scarlett.thomas@gmAil
Caroline,Redmond,MYORG ,55435,redmocar55435@MYORG 
Cassius,Anderson,GMail,55436,cassius.anderson@GMail
Lysander,Nightwell,gmAil,55437,lysander.nightwell@gmAil
Nathan,Blackwood,YAHOO,55438,blackwood_nathan@YAHOO
Evander,Haverhill,gMaIL,55439,evander.haverhill@gMaIL
Chloe,Kingsford,gmail,55440,chloe.kingsford@gmail
Maximus,Thomas,GMAIL,55441,maximus.thomas@GMAIL
Magnus,Martinez,gmail,55442,magnus.martinez@gmail
Logan,Thompson,gmail,55443,logan.thompson@gmail
Phoebe,Chambers,GMAIL,55444,phoebe.chambers@GMAIL
Helena,Ludwick,gmail,55445,helena.ludwick@gmail
Ava,Harris,yahoo,55446,harris_ava@yahoo
Marcellus,Ravenscroft,MYORG ,55447,ravenmar55447@MYORG 
Audrey,Kensington,GmaiL ,55448,audrey.kensington@GmaiL 
Oliver,Anderson,gmail,55449,oliver.anderson@gmail
Alexander,Ricci,gmaiL,55450,alexander.ricci@gmaiL
Octavia,Bellerose,gmail,55451,octavia.bellerose@gmail
Damien,Schneider,GMAIL,55452,damien.schneider@GMAIL
Emma,Bellerose,myorg ,55453,belleemm55453@myorg 
Octavius,Lopez,gMail,55454,octavius.lopez@gMail
Levi,Somerfield,GMAIL ,55455,levi.somerfield@GMAIL 
Rowena,Lewis,gmaiL,55456,rowena.lewis@gmaiL
Soren,Preston,gmail,55457,soren.preston@gmail
Ruby,Hoffmann,YAHoO,55458,hoffmann_ruby@YAHoO
Benjamin,Fitzroy,MYorG,55459,fitzrben55459@MYorG
Elowen,Nightwell,gMaIL,55460,elowen.nightwell@gMaIL
Valentina,Barrett,yahoo ,55461,barrett_valentina@yahoo 
Isaiah,Perez,GMail,55462,isaiah.perez@GMail
Elijah,Richards,YAhOo,55463,richards_elijah@YAhOo
Ruby,Anderson,MYORG,55464,anderrub55464@MYORG
Arabella,Kingsford,gmail,55465,arabella.kingsford@gmail
Valerius,Winterborne,GMAIL,55466,valerius.winterborne@GMAIL
Thomas,Barlow,gmail,55467,thomas.barlow@gmail
Stella,Hayes,gmail,55468,stella.hayes@gmail
Madison,Sawyer,MyOrg,55469,sawyemad55469@MyOrg
Lucy,Lee,gmAIl,55470,lucy.lee@gmAIl
Valentina,Douglas,GMAIL,55471,valentina.douglas@GMAIL
Liam,Fontaine,MYOrG,55472,fontalia55472@MYOrG
Callum,Sawyer,YAHoO,55473,sawyer_callum@YAHoO
Octavia,Barrett,GMaiL,55474,octavia.barrett@GMaiL
Rosalind,Sawyer,gMail ,55475,rosalind.sawyer@gMail 
Daniel,Bellerose,GMAIL,55476,daniel.bellerose@GMAIL
Olivia,Rodriguez,gmail,55477,olivia.rodriguez@gmail
Arabella,Stormrider,yahoo,55478,stormrider_arabella@yahoo
Violet,Taylor,Gmail ,55479,violet.taylor@Gmail 
Valerius,Blackwood,GMail,55480,valerius.blackwood@GMail
Marcella,Silverwind,gmAIl,55481,marcella.silverwind@gmAIl
Octavius,Ashford,gmail,55482,octavius.ashford@gmail
Aria,Lawrence,MYORG ,55483,lawreari55483@MYORG 
Thomas,Davis,MYORG ,55484,davistho55484@MYORG 
Phoebe,Nightwell,gmail,55485,phoebe.nightwell@gmail
Leander,Thomas,gmail,55486,leander.thomas@gmail
Mia,Martin,GMAIL ,55487,mia.martin@GMAIL 
Henry,Kovacs,yahoo,55488,kovacs_henry@yahoo
Daniel,Kingsley,yAhoO ,55489,kingsley_daniel@yAhoO 
Celestia,Bramwell,gMaIL ,55490,celestia.bramwell@gMaIL 
Alexander,Reynolds,MYORG ,55491,reynoale55491@MYORG 
Soren,Ramirez,MYOrg ,55492,ramirsor55492@MYOrg 
Levi,Barlow,gmail,55493,levi.barlow@gmail
Scarlett,Montgomery,yahoo,55494,montgomery_scarlett@yahoo
Samuel,Harrington,gmAiL,55495,samuel.harrington@gmAiL
Valentina,Garcia,GmAIl,55496,valentina.garcia@GmAIl
Amelia,Bellerose,GMaiL,55497,amelia.bellerose@GMaiL
Rowena,Fontaine,gMaiL,55498,rowena.fontaine@gMaiL
Alice,Stormwind,gMaIL ,55499,alice.stormwind@gMaIL 
Isolde,Wellington,myoRG,55500,welliiso55500@myoRG
Reginald,Perez,GMAIL,55501,reginald.perez@GMAIL
Emma,Lopez,myorg,55502,lopezemm55502@myorg
Benjamin,Lawrence,gmaIL ,55503,benjamin.lawrence@gmaIL 
Madison,Hoffmann,GMAIL ,55504,madison.hoffmann@GMAIL 
Daniel,Douglas,GmAil,55505,daniel.douglas@GmAil
Nora,Moretti,gMAIL,55506,nora.moretti@gMAIL
Ava,Ashdown,MYORG,55507,ashdoava55507@MYORG
Octavius,Moore,GMAIL,55508,octavius.moore@GMAIL
Alexander,Kovacs,GMAIL,55509,alexander.kovacs@GMAIL
Nathan,Kingsford,gmail,55510,nathan.kingsford@gmail
Hannah,Ravenscroft,myorg,55511,ravenhan55511@myorg
Isolde,Dumont,yAhOO ,55512,dumont_isolde@yAhOO 
Lucy,Langford,myOrg,55513,langfluc55513@myOrg
Ruby,Blackwood,GMAIL ,55514,ruby.blackwood@GMAIL 
Lily,Rodriguez,GMAIL,55515,lily.rodriguez@GMAIL
Nora,Winston,gmail,55516,nora.winston@gmail
Elijah,Dumont,GMAIL,55517,elijah.dumont@GMAIL
Jack,Ashdown,GMAIL,55518,jack.ashdown@GMAIL
Aria,Starcrest,Gmail ,55519,aria.starcrest@Gmail 
Mason,White,gmAIl,55520,mason.white@gmAIl
Benjamin,Bennett,gmAil,55521,benjamin.bennett@gmAil
Miles,Wolfhart,MYORG,55522,wolfhmil55522@MYORG
Celestia,White,Gmail,55523,celestia.white@Gmail
Thomas,Dalton,GMAIL,55524,thomas.dalton@GMAIL
Octavia,Weiss,MYORG,55525,weissoct55525@MYORG
Gideon,Kovacs,gmAil ,55526,gideon.kovacs@gmAil 
Henry,Ramirez,MYORG,55527,ramirhen55527@MYORG
Valentina,Redmond,GMAIL,55528,valentina.redmond@GMAIL
Isolde,Starcrest,gmail,55529,isolde.starcrest@gmail
Aurelia,Harrington,MYORG,55530,harriaur55530@MYORG
Reginald,Redmond,myorg,55531,redmoreg55531@myorg
Jack,Fontaine,MYorg,55532,fontajac55532@MYorg
Emma,Kensington,GMaiL,55533,emma.kensington@GMaiL
Ella,Kingsford,GMail,55534,ella.kingsford@GMail
Lavinia,Rodriguez,GMAIL,55535,lavinia.rodriguez@GMAIL
Alistair,Dalton,gMAIL,55536,alistair.dalton@gMAIL
Jack,Crawford,YaHOo,55537,crawford_jack@YaHOo
Grace,Aldridge,gMaIl,55538,grace.aldridge@gMaIl
William,Carrington,YAHOO,55539,carrington_william@YAHOO
Silas,Kingsford,GmAiL,55540,silas.kingsford@GmAiL
Josephine,Aldridge,GMAil,55541,josephine.aldridge@GMAil
Amelia,Lopez,gmail ,55542,amelia.lopez@gmail 
Jack,Gonzalez,YaHOO,55543,gonzalez_jack@YaHOO
Lucian,Miller,myorg,55544,milleluc55544@myorg
Emily,Ricci,MYORG,55545,ricciemi55545@MYORG
Jacob,Hoffmann,MYORG,55546,hoffmjac55546@MYORG
Ophelia,Rodriguez,myorg,55547,rodrioph55547@myorg
Amelia,Garcia,MyORg ,55548,garciame55548@MyORg 
Maximus,Hawkins,gMAiL,55549,maximus.hawkins@gMAiL
Scarlett,Aldridge,gMAIL,55550,scarlett.aldridge@gMAIL
William,Wallace,gmail,55551,william.wallace@gmail
Genevieve,Moore,YAHOO,55552,moore_genevieve@YAHOO
Ophelia,Montgomery,YAhoO ,55553,montgomery_ophelia@YAhoO 
James,Richards,gmail,55554,james.richards@gmail
Marcella,Bramwell,myorg,55555,bramwmar55555@myorg
Lavinia,Pennington,yAhOo ,55556,pennington_lavinia@yAhOo 
Hannah,Kingsley,gmail,55557,hannah.kingsley@gmail
Maximus,Aldridge,GMAIL,55558,maximus.aldridge@GMAIL
Lavinia,Fitzroy,yahoo,55559,fitzroy_lavinia@yahoo
Benedict,Anderson,gmail,55560,benedict.anderson@gmail
Lucas,Perez,myorg ,55561,perezluc55561@myorg 
Daniel,Redmond,GMAiL,55562,daniel.redmond@GMAiL
Benedict,Nightwell,YAHOO,55563,nightwell_benedict@YAHOO
Charlotte,Stormwind,YAHOO,55564,stormwind_charlotte@YAHOO
Phoebe,Beauregard,YAHOO,55565,beauregard_phoebe@YAHOO
Celestia,Devereaux,GMAIL,55566,celestia.devereaux@GMAIL
Oliver,Kingsford,YAHoo ,55567,kingsford_oliver@YAHoo 
Nathan,Bennett,MYORG,55568,bennenat55568@MYORG
Gideon,Haverhill,gmail,55569,gideon.haverhill@gmail
Daniel,Moore,MyorG,55570,mooredan55570@MyorG
Helena,Everhart,gmail,55571,helena.everhart@gmail
Lysander,Stormrider,GMAIL,55572,lysander.stormrider@GMAIL
Rowena,Thomas,gmail,55573,rowena.thomas@gmail
Emily,Reynolds,gmail,55574,emily.reynolds@gmail
Evangeline,Harrington,GMAIL ,55575,evangeline.harrington@GMAIL 
Audrey,Gonzalez,myorg,55576,gonzaaud55576@myorg
Arabella,Perez,GmaIl,55577,arabella.perez@GmaIl
Lily,Ravenscroft,MYORG,55578,ravenlil55578@MYORG
Seraphina,Fitzroy,GMAIL,55579,seraphina.fitzroy@GMAIL
Arabella,Ricci,gmail ,55580,arabella.ricci@gmail 
Isabella,Hawkins,gmail ,55581,isabella.hawkins@gmail 
Phoebe,Brightshield,myorg,55582,brighpho55582@myorg
Lily,Johnson,GMAIL,55583,lily.johnson@GMAIL
Marcella,White,myorg,55584,whitemar55584@myorg
Valerius,Lawrence,YAHOO,55585,lawrence_valerius@YAHOO
Ronan,Kavanagh,MYORg,55586,kavanron55586@MYORg
Julian,Schneider,GmAiL,55587,julian.schneider@GmAiL
Felicity,Kavanagh,GMAIL,55588,felicity.kavanagh@GMAIL
Hannah,Garcia,yAHoO ,55589,garcia_hannah@yAHoO 
Valentina,Brown,gmail,55590,valentina.brown@gmail
Alistair,Everhart,yahoo ,55591,everhart_alistair@yahoo 
Helena,Perez,gmaiL,55592,helena.perez@gmaiL
Owen,Martin,yaHoo,55593,martin_owen@yaHoo
Jack,Hartswell,myorg,55594,hartsjac55594@myorg
Atticus,Preston,YaHoo,55595,preston_atticus@YaHoo
Aurelia,Lawrence,GMAIL ,55596,aurelia.lawrence@GMAIL 
Stella,Gonzalez,MYORG,55597,gonzaste55597@MYORG
Arabella,Ashford,GMAIL ,55598,arabella.ashford@GMAIL 
Caroline,Hernandez,GMAIL,55599,caroline.hernandez@GMAIL
Lavinia,Ravenscroft,MYORG ,55600,ravenlav55600@MYORG 
William,Fletcher,YaHOO,55601,fletcher_william@YaHOO
Lysander,Williams,YAHOO,55602,williams_lysander@YAHOO
William,Ashford,myorg,55603,ashfowil55603@myorg
Mia,Jones,GMaiL,55604,mia.jones@GMaiL
Aiden,Kovacs,GMAIL,55605,aiden.kovacs@GMAIL
Logan,Brightshield,myorg ,55606,brighlog55606@myorg 
Chloe,Moore,gmail ,55607,chloe.moore@gmail 
Sophia,Bennett,gmail,55608,sophia.bennett@gmail
Seraphina,Frosthelm,GMAIL ,55609,seraphina.frosthelm@GMAIL 
Magnus,Bellerose,gmail,55610,magnus.bellerose@gmail
Isaiah,OMalley,Gmail,55611,isaiah.omalley@Gmail
Evelyn,Starcrest,GMAIL,55612,evelyn.starcrest@GMAIL
William,Kensington,gmail ,55613,william.kensington@gmail 
Hannah,Weiss,GmaIL,55614,hannah.weiss@GmaIL
Brielle,Fletcher,YAHOO,55615,fletcher_brielle@YAHOO
Aiden,Schneider,GMAIL,55616,aiden.schneider@GMAIL
Amelia,Harris,gmail,55617,amelia.harris@gmail
Olivia,Hudson,MYOrg,55618,hudsooli55618@MYOrg
Aurelia,Dumont,gMAIl,55619,aurelia.dumont@gMAIl
Elowen,Williams,YAHOO ,55620,williams_elowen@YAHOO 
Callum,Barlow,MyoRg,55621,barlocal55621@MyoRg
Tobias,Hawkins,gmail ,55622,tobias.hawkins@gmail 
Lavinia,Jackson,gmail,55623,lavinia.jackson@gmail
Daniel,Brown,yahoo,55624,brown_daniel@yahoo
Owen,Williams,yaHoO,55625,williams_owen@yaHoO
Josephine,Wilson,GMAIL ,55626,josephine.wilson@GMAIL 
Levi,Thornfield,MYORG,55627,thornlev55627@MYORG
Madison,Kingsford,GMAIL,55628,madison.kingsford@GMAIL
Marcellus,Bramwell,YAHOO ,55629,bramwell_marcellus@YAHOO 
Amelia,Loxley,gmail,55630,amelia.loxley@gmail
Christian,Lewis,yahoO,55631,lewis_christian@yahoO
Lucy,Lawrence,MYORG,55632,lawreluc55632@MYORG
Genevieve,Haverhill,MYORG,55633,havergen55633@MYORG
Isabella,Martin,GMAIL ,55634,isabella.martin@GMAIL 
Nora,Crawford,gmail,55635,nora.crawford@gmail
Ava,Miller,Gmail,55636,ava.miller@Gmail
Scarlett,Wilson,gmail,55637,scarlett.wilson@gmail
Tobias,Holloway,gmail,55638,tobias.holloway@gmail
Olivia,Weiss,MYORG,55639,weissoli55639@MYORG
Ruby,Bennett,GMAIL ,55640,ruby.bennett@GMAIL 
Celestia,Miller,GMAIL,55641,celestia.miller@GMAIL
Cyrus,Starcrest,YAHOO,55642,starcrest_cyrus@YAHOO
Caleb,Beauregard,YAHOO,55643,beauregard_caleb@YAHOO
Percival,Fontaine,yAhOO,55644,fontaine_percival@yAhOO
Sebastian,Rodriguez,yahoo,55645,rodriguez_sebastian@yahoo
Evangeline,Williams,GMAIL,55646,evangeline.williams@GMAIL
Soren,Beauregard,GMAIL ,55647,soren.beauregard@GMAIL 
Wesley,Harris,myorg ,55648,harriwes55648@myorg 
Emma,Fontaine,myorg,55649,fontaemm55649@myorg
Caleb,Harrington,gMaIL,55650,caleb.harrington@gMaIL
Nathan,Kensington,myorG,55651,kensinat55651@myorG
Jacob,Brightshield,gmail,55652,jacob.brightshield@gmail
Sebastian,Montgomery,gmail,55653,sebastian.montgomery@gmail
Maximus,Weiss,gmail,55654,maximus.weiss@gmail
Octavia,Gonzalez,GMAIL,55655,octavia.gonzalez@GMAIL
Octavius,Hernandez,gmail,55656,octavius.hernandez@gmail
Liam,Aldridge,gmail,55657,liam.aldridge@gmail
James,Ricci,yahoo ,55658,ricci_james@yahoo 
Sophia,Lopez,gMAIl,55659,sophia.lopez@gMAIl
Emily,Thompson,gMAil,55660,emily.thompson@gMAil
Samuel,Wolfhart,yahoo ,55661,wolfhart_samuel@yahoo 
Felicity,Nightwell,yahoo ,55662,nightwell_felicity@yahoo 
Alice,Weiss,YahOO,55663,weiss_alice@YahOO
Ophelia,Douglas,MYORG ,55664,dougloph55664@MYORG 
Marcella,Thomas,MyorG,55665,thomamar55665@MyorG
Rowena,Somerfield,gmAIL,55666,rowena.somerfield@gmAIL
Soren,Barlow,gmail,55667,soren.barlow@gmail
Alexander,Blackwood,gmAil,55668,alexander.blackwood@gmAil
Lily,Fletcher,gmail,55669,lily.fletcher@gmail
Elijah,Kavanagh,GMAIL,55670,elijah.kavanagh@GMAIL
Benedict,Kingsford,MYOrg,55671,kingsben55671@MYOrg
Evelyn,Wolfhart,gmail,55672,evelyn.wolfhart@gmail
James,Thornfield,gmail ,55673,james.thornfield@gmail 
Rosalind,Dalton,gmail,55674,rosalind.dalton@gmail
Phoebe,Wallace,MYORG,55675,wallapho55675@MYORG
Silas,Moretti,gmail,55676,silas.moretti@gmail
Evangeline,Wallace,YAHOO,55677,wallace_evangeline@YAHOO
Madison,Bennett,GMAIL,55678,madison.bennett@GMAIL
Grace,Harris,GMAIL,55679,grace.harris@GMAIL
Genevieve,Devereaux,gmail,55680,genevieve.devereaux@gmail
Ryan,Miller,myorg,55681,millerya55681@myorg
Levi,Loxley,gmail ,55682,levi.loxley@gmail 
Amelia,Fontaine,MyOrg,55683,fontaame55683@MyOrg
Charlotte,Marwood,gmAil,55684,charlotte.marwood@gmAil
Sophia,Moretti,GMAIL,55685,sophia.moretti@GMAIL
Sophia,Kensington,YAHOO,55686,kensington_sophia@YAHOO
Isabella,Weiss,myorG,55687,weissisa55687@myorG
Soren,Stormrider,mYoRg,55688,stormsor55688@mYoRg
Valerius,Wolfhart,YAHOO ,55689,wolfhart_valerius@YAHOO 
Valentina,Hartswell,yahoo,55690,hartswell_valentina@yahoo
Amelia,OMalley,myOrg ,55691,omallame55691@myOrg 
Evander,Bellerose,MyOrG,55692,belleeva55692@MyOrG
Isabella,Silverwind,MYORG ,55693,silveisa55693@MYORG 
Sophia,Redmond,MYORG,55694,redmosop55694@MYORG
Thaddeus,Smith,myorg,55695,smiththa55695@myorg
Ruby,Perez,MYORG,55696,perezrub55696@MYORG
Isolde,Chambers,GMAIL,55697,isolde.chambers@GMAIL
Ronan,Blackwood,Yahoo ,55698,blackwood_ronan@Yahoo 
Genevieve,Hartswell,yahoo ,55699,hartswell_genevieve@yahoo 
Miles,Langford,gmail,55700,miles.langford@gmail
Liam,Barrett,MYORG ,55701,barrelia55701@MYORG 
Lucian,Dumont,gmail,55702,lucian.dumont@gmail
Liam,Clark,GMAIL,55703,liam.clark@GMAIL
Lysander,Reynolds,mYORG,55704,reynolys55704@mYORG
Sophia,Moore,gmail ,55705,sophia.moore@gmail 
Cyrus,Wolfhart,MYoRG,55706,wolfhcyr55706@MYoRG
Lavinia,Redmond,MYORG,55707,redmolav55707@MYORG
Aria,Smith,GMail,55708,aria.smith@GMail
Helena,Sawyer,gmAil,55709,helena.sawyer@gmAil
Dorian,Beauregard,GMAIL,55710,dorian.beauregard@GMAIL
Thaddeus,Anderson,MYORG,55711,andertha55711@MYORG
Liam,Marwood,YAHOO,55712,marwood_liam@YAHOO
Octavia,Thomas,myoRg,55713,thomaoct55713@myoRg
Elena,Armstrong,GMAIL,55714,elena.armstrong@GMAIL
Magnus,Harris,myorg,55715,harrimag55715@myorg
Marcellus,Chambers,GMAIL ,55716,marcellus.chambers@GMAIL 
Daniel,Hartswell,MYORG,55717,hartsdan55717@MYORG
Wesley,OMalley,gmail,55718,wesley.omalley@gmail
Lily,Harris,mYORG,55719,harrilil55719@mYORG
Celestia,Brightshield,gmail,55720,celestia.brightshield@gmail
Lucy,Moretti,YAHOO,55721,moretti_lucy@YAHOO
Phoebe,Ashford,GMAIL,55722,phoebe.ashford@GMAIL
Samuel,Haverhill,mYOrg,55723,haversam55723@mYOrg
Rosalind,Everhart,yahoo,55724,everhart_rosalind@yahoo
Valentina,Nightwell,gmail ,55725,valentina.nightwell@gmail 
Thomas,Fontaine,YAHOO,55726,fontaine_thomas@YAHOO
